nose_x,nose_y,nose_z,nose_score,left_eye_inner_x,left_eye_inner_y,left_eye_inner_z,left_eye_inner_score,left_eye_x,left_eye_y,left_eye_z,left_eye_score,left_eye_outer_x,left_eye_outer_y,left_eye_outer_z,left_eye_outer_score,right_eye_inner_x,right_eye_inner_y,right_eye_inner_z,right_eye_inner_score,right_eye_x,right_eye_y,right_eye_z,right_eye_score,right_eye_outer_x,right_eye_outer_y,right_eye_outer_z,right_eye_outer_score,left_ear_x,left_ear_y,left_ear_z,left_ear_score,right_ear_x,right_ear_y,right_ear_z,right_ear_score,mouth_left_x,mouth_left_y,mouth_left_z,mouth_left_score,mouth_right_x,mouth_right_y,mouth_right_z,mouth_right_score,left_shoulder_x,left_shoulder_y,left_shoulder_z,left_shoulder_score,right_shoulder_x,right_shoulder_y,right_shoulder_z,right_shoulder_score,left_elbow_x,left_elbow_y,left_elbow_z,left_elbow_score,right_elbow_x,right_elbow_y,right_elbow_z,right_elbow_score,left_wrist_x,left_wrist_y,left_wrist_z,left_wrist_score,right_wrist_x,right_wrist_y,right_wrist_z,right_wrist_score,left_pinky_x,left_pinky_y,left_pinky_z,left_pinky_score,right_pinky_x,right_pinky_y,right_pinky_z,right_pinky_score,left_index_x,left_index_y,left_index_z,left_index_score,right_index_x,right_index_y,right_index_z,right_index_score,left_thumb_x,left_thumb_y,left_thumb_z,left_thumb_score,right_thumb_x,right_thumb_y,right_thumb_z,right_thumb_score,left_hip_x,left_hip_y,left_hip_z,left_hip_score,right_hip_x,right_hip_y,right_hip_z,right_hip_score,left_knee_x,left_knee_y,left_knee_z,left_knee_score,right_knee_x,right_knee_y,right_knee_z,right_knee_score,left_ankle_x,left_ankle_y,left_ankle_z,left_ankle_score,right_ankle_x,right_ankle_y,right_ankle_z,right_ankle_score,left_heel_x,left_heel_y,left_heel_z,left_heel_score,right_heel_x,right_heel_y,right_heel_z,right_heel_score,left_foot_index_x,left_foot_index_y,left_foot_index_z,left_foot_index_score,right_foot_index_x,right_foot_index_y,right_foot_index_z,right_foot_index_score,angle_left_elbow_to_shoulder,angle_left_elbow_to_hip,angle_left_wrist_to_shoulder,angle_left_knee_to_hip,angle_left_knee_to_shoulder,angle_left_ankle_to_hip,angle_right_elbow_to_shoulder,angle_right_elbow_to_hip,angle_right_wrist_to_shoulder,angle_right_knee_to_hip,angle_right_knee_to_shoulder,angle_right_ankle_to_hip
0.0343530422700154,-0.6315785238974454,-0.3119840621948242,0.999942199552048,0.043092022212732325,-0.6697023293139928,-0.2963435649871826,0.9998111119709695,0.0435500984576219,-0.670068721784994,-0.2957723140716553,0.9997782462138519,0.04355906731556493,-0.6705813502968606,-0.29581785202026367,0.9997681210948609,0.009979786477211632,-0.6657943111247159,-0.296999454498291,0.9998739345585512,0.010465350842325354,-0.6667808309152388,-0.2977926731109619,0.9998598192179096,0.010233157694972097,-0.6680422764274375,-0.29701709747314453,0.9998729794955575,0.09095669183369146,-0.6569487492495988,-0.1845569610595703,0.9994217884039408,-0.05730110931339541,-0.6495694247543605,-0.1993098258972168,0.9998238719412491,0.05552359872481891,-0.6063695179392775,-0.2726743221282959,0.9998891494534872,0.011927316270220846,-0.6029601921869747,-0.2756376266479492,0.9999307046572512,0.19053023331601704,-0.45564994805975656,-0.08876640349626541,0.9994217828928472,-0.14451279558194688,-0.48197956695666605,-0.15499210357666016,0.9999515685739985,0.18847470088312773,-0.22131792319645266,-0.04468178749084473,0.8871500878867452,-0.1939215808766166,-0.24661827749175072,-0.1228165552020073,0.967189096331976,0.16715932655417826,-0.010057482988256188,-0.1355302333831787,0.6105772288459771,-0.11608138228696384,-0.021147275340711296,-0.19715261459350586,0.8362192930537476,0.15444455158615122,0.06753122735441246,-0.155137300491333,0.49613966267795606,-0.09327633434220027,0.06503513858674588,-0.22020316123962402,0.7356985752344576,0.14158050460993288,0.05886625817171131,-0.1900007724761963,0.5092155628756743,-0.06606718718263402,0.05181844127239371,-0.24332928657531738,0.737004904972883,0.15483197857415812,0.0007587950884789547,-0.1482527256011963,0.484279391823244,-0.09321399854033037,-0.0086444845473339,-0.20690321922302246,0.6986501529806638,0.11338130831483678,0.005052488166729271,0.024472713470458984,0.9988547245205057,-0.11375366767018916,-0.005859791087915835,-0.023077011108398438,0.9996242742570571,0.12149226995844246,0.4098360142692539,0.053251028060913086,0.988296526990547,-0.07762140512818554,0.39420968381714194,-0.0035543441772460938,0.9960183938082763,0.17355992649895624,0.7588172977424722,0.16544437408447266,0.9912634119347917,-0.05023628870205167,0.7535126237286646,0.12070417404174805,0.9953209719400719,0.18503583447384797,0.8030034661215525,0.16607332229614258,0.938909364567587,-0.05148575416812902,0.7995127318211847,0.12415409088134766,0.9000656877763836,0.2576231329340666,0.8482116889464821,0.05144453048706055,0.9850682540063097,-0.08845388051622255,0.8616416666646791,-0.000858306884765625,0.9895307411120371,95.90333396216428,9.289533299447868,145.79233160924684,94.63996208992344,165.7886915979627,164.6410909151533,95.68033368840732,17.120631718202585,140.57861849022981,81.69158764064213,167.24516477511492,163.73762838778913
-0.10630900682658569,-0.6393222743627532,0.06340289115905762,0.9995444016739128,-0.09928021097855814,-0.6709191525661854,0.03454232215881348,0.9994974827376193,-0.0986453136538945,-0.6715123687312701,0.035213470458984375,0.9995299408517834,-0.09900942071018413,-0.6718270678511292,0.03511452674865723,0.999604022614759,-0.09090223252857464,-0.6744843021515912,0.0656428337097168,0.9993773963442142,-0.09052980141959244,-0.6754438946240121,0.06524777412414551,0.9991284495967511,-0.09081201672800203,-0.6769240732491528,0.06620359420776367,0.9991975933952891,-0.01497175596277861,-0.6522538452185109,-0.03411746025085449,0.9996164872586324,0.010676546607122202,-0.6813796926909929,0.09383773803710938,0.9987312918599536,-0.06985323862023318,-0.6145728507058864,0.04253530502319336,0.9993195095375398,-0.06302332764557235,-0.6206305561212034,0.08026266098022461,0.9987027575725134,0.018797760259971118,-0.5122748643868565,-0.135471910238266,0.9999761997136773,0.05026455078335196,-0.5123603664381204,0.1845235824584961,0.999591714649937,-0.10661813880635898,-0.3377148889296384,-0.23880469799041748,0.9817484140997668,0.0026863302527420797,-0.2992386516488567,0.25022250413894653,0.09383055882826195,-0.16209341406342992,-0.24414491160152615,-0.2797262668609619,0.9489872988179692,-0.13607061048506422,-0.15649952039235046,0.21824193000793457,0.25904302714286914,-0.17230021406044999,-0.20130134085852033,-0.2995283603668213,0.9341718981717899,-0.15902415995100558,-0.10940800804669819,0.23175573348999023,0.2877603638029793,-0.17673902217637316,-0.2003625855377986,-0.2988417148590088,0.9302935613942879,-0.1725874518697622,-0.11222820181645178,0.20630240440368652,0.2968301125972436,-0.16378475934196451,-0.23404025854861568,-0.2765376567840576,0.8951744010876138,-0.14224988820956408,-0.14626415423125558,0.20606088638305664,0.2776249589046935,0.023666747789321308,0.00035359919650505844,-0.10450220108032227,0.9994587142744713,-0.02372916960875375,-0.0010697324250772526,0.1060953140258789,0.9987973310872175,0.01282124941326692,0.41893868644663224,-0.13035762310028076,0.9863593158576796,-0.05763637922455202,0.401110499488508,0.12797461450099945,0.8696981529594772,0.17491499807703595,0.8034490098190801,-0.1687178611755371,0.9924861693941733,0.040054811337982756,0.8035930745042704,0.13212299346923828,0.9089191044340598,0.1907859656041339,0.8512682300646999,-0.17983579635620117,0.9831680084323562,0.0377687811540109,0.8521061888132254,0.1285996437072754,0.8929778774423887,0.08921420353755109,0.8708085628646378,-0.25981903076171875,0.9888906976712711,-0.09690819973764438,0.8930163358190861,0.08773469924926758,0.9250989248939273,118.8720789154869,45.61649375456945,173.14434135642384,93.49882376546213,172.7215253097096,155.67024503545832,,,,93.70764852170358,167.78068300933265,161.3763631087594
0.03207059029845979,-0.6446749172150061,-0.22603130340576172,0.9998884957654367,0.0447343017400126,-0.6815013264634682,-0.21753787994384766,0.9997194219791706,0.04515594002395554,-0.6818746210484513,-0.21709203720092773,0.9997614464625207,0.0451566737277881,-0.6821282802997602,-0.21726679801940918,0.9997843822428416,0.015384536852051184,-0.6793145354521962,-0.2100358009338379,0.9996153995041628,0.015761597221189125,-0.6801316610877316,-0.21095609664916992,0.9995146304715068,0.015696132192632897,-0.681426836745272,-0.20985198020935059,0.9994472102984987,0.11023016256448115,-0.6635340603997595,-0.1368415355682373,0.9998644890351337,-0.02339936052543129,-0.6652272827555288,-0.10781431198120117,0.998861002705385,0.06016316063520072,-0.6172984388963773,-0.19739031791687012,0.9999410107437547,0.020956618920061343,-0.6160097571331613,-0.18762874603271484,0.9998443519323637,0.19525948565182336,-0.47468306958497103,-0.1198267862200737,0.9999857960849788,-0.10362617858248407,-0.4981987524841552,-0.0039217472076416016,0.9997492515747285,0.21685568285713874,-0.23978803121769904,-0.12571752071380615,0.9956093167984588,-0.14350822899175092,-0.24654912100425086,0.0673384815454483,0.6143448616732523,0.11289935429982724,-0.0643982968996762,-0.21387004852294922,0.9744412829723023,-0.18904241231205138,-0.03899262869968469,-0.02242577075958252,0.671443322143187,0.0789593000567256,0.004095418433528207,-0.2462022304534912,0.947766428283148,-0.19449450196949075,0.04349034040150812,-0.03601980209350586,0.6192662918353301,0.04329304196418133,-0.022087354798178374,-0.2671952247619629,0.9479249268794513,-0.18956059159021835,0.027802292612156766,-0.0717020034790039,0.6327129320625128,0.08942663902292794,-0.06269978611950977,-0.219407320022583,0.927097212795747,-0.17940864485150326,-0.02735305945204497,-0.03910231590270996,0.6246222937322763,0.10489611236351958,0.005107030180983501,-0.0462794303894043,0.9992088556741621,-0.10485085088230509,-0.0056591329509913186,0.047388315200805664,0.998987135094694,0.10817057174726263,0.41089678262301993,-0.04534482955932617,0.9925115588992288,-0.05461858873086543,0.4001172210193199,0.08628848195075989,0.9779514863082787,0.21512190405334597,0.761218012794419,0.05844306945800781,0.9918255857486853,0.02526265423681763,0.7664205885521598,0.2017207145690918,0.9852089233085451,0.22915053376158429,0.8052878613844774,0.0569300651550293,0.8408951607575891,0.02745794899560243,0.8117802362874152,0.20418739318847656,0.941030868669293,0.23416916810945626,0.852018280091238,-0.0662078857421875,0.9838727205450675,-0.04933052392919639,0.8468380987405864,0.11099910736083984,0.9800742707471701,99.60969887717543,18.754374807056696,138.8607087711448,93.05168286349875,166.06992947195013,157.37697221079415,99.65446259056719,13.010039677711022,141.33302010728718,83.1525380063932,172.81786917827907,167.24295323605998
0.038344937142569216,-0.5898109112504534,-0.3966643810272217,0.99998847819584,0.04720857125069226,-0.6281099697681224,-0.3834104537963867,0.9999670631542636,0.04772390626168446,-0.6285465721751978,-0.38275837898254395,0.9999644274013965,0.04765405511331423,-0.6291373525200905,-0.38260722160339355,0.9999552062106133,0.013242339533882284,-0.626610859319168,-0.38709402084350586,0.9999763797668297,0.013665255993564322,-0.6274926049768129,-0.38793373107910156,0.9999775759634653,0.013380388818194333,-0.6287815602002023,-0.38700222969055176,0.99997819929083,0.08647224824979662,-0.6188620681015502,-0.2624807357788086,0.9999003920085884,-0.0688765311218521,-0.6202178446766755,-0.29392147064208984,0.9999804497060752,0.055296278398691986,-0.5666603178511482,-0.3515338897705078,0.9999703164158599,0.010095780329857865,-0.5663093734901921,-0.3599669933319092,0.9999814430142235,0.17411301512440805,-0.4355691926333664,-0.14314661920070648,0.9997423153851589,-0.16463069035934244,-0.465895924502304,-0.20657944679260254,0.9999811891646161,0.16650722608550786,-0.2192011960911968,-0.048615217208862305,0.8440427904456067,-0.2093909988400185,-0.24862095165532463,-0.0868588387966156,0.9648141087588509,0.15877008660711614,0.007691530626202595,-0.08881902694702148,0.39659837541559506,-0.15266221969672628,-0.006668262664123353,-0.0624690055847168,0.7408735399956684,0.1498534511654617,0.08441556904003521,-0.09937810897827148,0.2616404838818914,-0.1310735592827331,0.0749785180053313,-0.06030440330505371,0.6172772776490799,0.13775536661364038,0.08422687607154422,-0.13297224044799805,0.27191233943221615,-0.11772611805035818,0.07044001075430162,-0.08438277244567871,0.6165851386431466,0.1467676463074914,0.021738882153664534,-0.10055732727050781,0.268514455463851,-0.1355922364389638,0.007188305081241204,-0.06832671165466309,0.5869752747115604,0.11539651998429824,0.006460702620640412,0.025659561157226562,0.9988580754347934,-0.11574401473621311,-0.00748758979508312,-0.024027585983276367,0.9996765739986729,0.10616517616338149,0.41513174955767795,0.049613118171691895,0.9882397820647114,-0.09876024159954643,0.38996436678963664,-0.009936481714248657,0.9961750003831847,0.1480758327625427,0.7574853952668698,0.16744613647460938,0.9907180881009973,-0.08926984086221441,0.7452666658674092,0.11451578140258789,0.9943917296694615,0.15987690229410043,0.8011245952447463,0.16875839233398438,0.9425031553472663,-0.0896418989367601,0.792704272797894,0.11699342727661133,0.878215647445831,0.2427112149232205,0.8349431607902263,0.06272697448730469,0.9860866738639044,-0.10933888135610356,0.8600963175240895,-0.007306575775146484,0.9879955962890514,97.01504487437678,5.880301858869713,146.36995870811012,92.81147671339632,161.57697779395235,162.50820174610215,90.64307587724574,17.405631901705494,147.26749589320906,83.80733469652975,160.10768884377538,162.70782280404316
0.10742393840804414,-0.6380270727254048,-0.12088894844055176,0.9990485174227571,0.11379106314734551,-0.6733695508685524,-0.09956645965576172,0.9984741446125849,0.11413512354206182,-0.6738138768242365,-0.0989370346069336,0.9981009643768963,0.11382094869182753,-0.6743414880662444,-0.09884238243103027,0.9982999121876553,0.0866862976917478,-0.6762703630871627,-0.11412811279296875,0.9982651331419953,0.08734832510647361,-0.6771797368526069,-0.11486625671386719,0.9983467734332597,0.08700693059239228,-0.6784763460038569,-0.11437129974365234,0.9982228625617179,0.10993736522525954,-0.6615966186535398,0.02003169059753418,0.995963226259516,-0.01247614267827459,-0.6768120843308623,-0.062281131744384766,0.9975062037423112,0.10271936219053107,-0.6139566105142907,-0.07631826400756836,0.997336556492239,0.06699214664759776,-0.6172099823876334,-0.09755825996398926,0.9975462122732532,0.12172555575162441,-0.45222450400068354,0.11909946799278259,0.9915569881880448,-0.09154250078486614,-0.5301930969489488,-0.10598611831665039,0.9993635607504533,0.04068511297196676,-0.1767315258965908,0.13804304599761963,0.11077219698567975,-0.10925103478997782,-0.3667009509041364,-0.28269076347351074,0.9409635700099964,0.08128585133898587,0.016322200024491845,0.0735170841217041,0.1676394535909086,-0.030209083833665384,-0.36416997799298867,-0.4753168821334839,0.9148482223898128,0.08445320849283397,0.09680721798346885,0.07016634941101074,0.18984085935066788,-0.012234597830994105,-0.3458909988254615,-0.5211732387542725,0.8942690881768506,0.09740923692068769,0.09673310887347708,0.04240059852600098,0.19838159490823426,0.005003049811975126,-0.3568060413268022,-0.5153532028198242,0.8923505361939692,0.08115846169317406,0.030821730835408675,0.06002020835876465,0.19668671054117579,-0.01900112533753037,-0.36188021870915865,-0.47764909267425537,0.8560764856993998,0.07912843750294125,0.01107559084713717,0.0802454948425293,0.9953403607066299,-0.07900355461266506,-0.011742009820136859,-0.07893133163452148,0.9975741800785958,0.03989090705572712,0.4266263642569626,0.0829930305480957,0.768493786380138,-0.0655996066418268,0.38635549379184203,-0.08771419525146484,0.9530760534686904,-0.07069987674167894,0.7601682527046093,0.1504979133605957,0.814897693038033,-0.1067029011580541,0.7766271948610254,-0.03293752670288086,0.9697360943002132,-0.07297100223308359,0.8049959684244499,0.14859867095947266,0.7711399776347809,-0.1104218058960939,0.8267707612360482,-0.03487730026245117,0.8585315082827253,0.022402654069279146,0.8721363705228269,0.07856988906860352,0.8849442855056711,-0.029818272259830133,0.8744434658437633,-0.14606761932373047,0.9659463311082443,,,,92.2613715255864,174.84716664400742,163.3931893466946,113.52294083817958,50.48531988988643,131.115108768506,83.73530673313556,175.71599679624788,167.85446324272107
0.04840805532140709,-0.599784934265232,-0.3279719352722168,0.9999339204496499,0.056287868318454164,-0.6396814476920496,-0.31565046310424805,0.999749582471493,0.056771393890602095,-0.6401605460923774,-0.31513452529907227,0.999712179157373,0.05670740947084243,-0.6405752827804234,-0.3150656223297119,0.9996872697070898,0.02414012976936583,-0.6358728243669501,-0.31733107566833496,0.9998293130192245,0.02465745692532426,-0.6367966618240966,-0.3181140422821045,0.9998218192767707,0.02445822715137838,-0.6380878792537172,-0.31708526611328125,0.9998454183312881,0.10137204064620645,-0.6407790395911352,-0.2034776210784912,0.999476371321126,-0.04621454988700354,-0.6338687955151909,-0.21881914138793945,0.9997628762220868,0.06957426477422923,-0.5802846572182019,-0.2857978343963623,0.9998871608798523,0.02608287320307375,-0.5768539658956684,-0.2890787124633789,0.999908427534092,0.20670715655483712,-0.46912901589896566,-0.10444903373718262,0.9997551341538156,-0.14366583128622723,-0.479500832559555,-0.14489364624023438,0.9999613398541654,0.2189540479989172,-0.2426709708860896,-0.052425265312194824,0.920851594479347,-0.17377676446777912,-0.22688901992813512,-0.08310762792825699,0.9566418561042329,0.16038256487655578,-0.03757032695430841,-0.13861846923828125,0.5708396798117613,-0.13167216773152046,-0.01714717296853649,-0.1528182029724121,0.8721825165628934,0.13836171823393772,0.040120833593709555,-0.15735340118408203,0.446124003705537,-0.11683054766989427,0.06356410314040939,-0.17296862602233887,0.8047103719009621,0.11701887538038407,0.026405634063146385,-0.19010615348815918,0.4557757940757742,-0.10041316337223384,0.046144416813300636,-0.20212221145629883,0.8098956800817834,0.1429431995455369,-0.02910403565917561,-0.14965343475341797,0.431794172740451,-0.11427457861738746,-0.007777870646434651,-0.16448235511779785,0.7762094716478941,0.1170183211242309,0.007738830561788216,0.005483150482177734,0.999106154189016,-0.11735117442823699,-0.008646694950439392,-0.0040132999420166016,0.999638233759289,0.10584415580429869,0.4150638945829601,0.012927532196044922,0.9911253319797683,-0.09808785356842584,0.3905684368135852,0.02295425534248352,0.9947255955080895,0.15163997001578633,0.7568651130172862,0.11463260650634766,0.9922669465493302,-0.09663499277147167,0.7505559238263014,0.14433526992797852,0.9949724520441806,0.1615598768619942,0.8006999878076404,0.1146092414855957,0.9335287882822391,-0.10102600099168299,0.7978643802492847,0.14713096618652344,0.9339566048087489,0.2235374084624954,0.8486763377289231,0.003421306610107422,0.9880796212500215,-0.1604139962098553,0.8513650703460465,0.033808231353759766,0.9907853463583451,96.1136248585094,13.402647722321664,140.4001558279193,92.46774196849636,165.22543426766867,162.1421715094687,93.3705926084678,10.09731340605018,143.59561463627182,83.10227602668495,167.220131991007,165.021177670251
0.002478818364183767,-0.6445612516216701,-0.15187716484069824,0.9999780215614825,0.014030636831812222,-0.6800870492295702,-0.14199018478393555,0.9999636880947795,0.014678690540813749,-0.6803900645738681,-0.14161920547485352,0.9999681784877579,0.014590876191576903,-0.6807331445247945,-0.14159393310546875,0.9999704431044721,-0.015203120295118895,-0.6768757732701776,-0.13016986846923828,0.9999541616686085,-0.014806105007039806,-0.6776691817941124,-0.13094282150268555,0.9999407483029813,-0.014873482434960644,-0.6789436068748115,-0.13007402420043945,0.9999345591428556,0.08867623694305436,-0.6570233122003,-0.06479310989379883,0.999977323322887,-0.04399576399253777,-0.6569998267493597,-0.02227783203125,0.9998437081185136,0.034669002935689947,-0.6162977032374891,-0.12560057640075684,0.9999864293320015,-0.0043055053340927685,-0.6138915583450288,-0.11174798011779785,0.9999653486994732,0.16978822582089212,-0.46631496697158015,-0.07755978405475616,0.9999934155602119,-0.0929504549385835,-0.47860969127902786,0.07927775382995605,0.9997626529709567,0.16091263457969063,-0.22324891188312856,-0.12700438499450684,0.9910198136494403,-0.1128490205552048,-0.20412181307336963,0.09908026456832886,0.383411197701074,0.07653440217754083,-0.06327908342974993,-0.23262977600097656,0.9466358992004192,-0.1285334955957413,-0.025238847089356344,-0.030030488967895508,0.4441296889021288,0.04395363384865972,0.004495606786160249,-0.26985836029052734,0.922398147830371,-0.1293222574605564,0.05401521641908062,-0.05288100242614746,0.4307106668479248,0.012554238990722374,-0.017600664215991952,-0.29057979583740234,0.9250411496709222,-0.11765718220758352,0.032072636783391145,-0.0775904655456543,0.44121640572099663,0.05531611540050423,-0.05899930925803915,-0.23982763290405273,0.8930183829205955,-0.11485735653795871,-0.015907951413991542,-0.044648170471191406,0.41434705742443323,0.09112553028870175,0.00674929970146442,-0.06802845001220703,0.9998070007772024,-0.09104452949179809,-0.007260487685901524,0.0693666934967041,0.999400782051307,0.056877784123047156,0.40230240610636514,-0.1119985580444336,0.9919709415638596,-0.04614293653626988,0.405875384103081,0.11750723421573639,0.9265986866934559,0.12536952104599858,0.7821786407771012,-0.09437179565429688,0.9958960950683377,0.05401897825586259,0.774107641138841,0.2149977684020996,0.9747960763731045,0.13229372647966475,0.8302112397213095,-0.10251283645629883,0.9308711170112098,0.054864534770936904,0.8224010026498065,0.21542739868164062,0.9443479658100873,0.0652623068676154,0.8623896950464118,-0.22901153564453125,0.9933116426940466,-0.05892668486973937,0.8621841850030187,0.13392877578735352,0.980786508950673,96.3534451510141,14.589633929840168,149.637787305712,93.3548945459364,171.29728326647466,162.41562866249868,93.36464771323558,6.888027014459304,140.15991755664277,85.59020202072524,170.17383039030162,168.24942444908294
-0.13856262219369364,-0.5218543300109186,-0.4107191562652588,0.9996465454023482,-0.1347219588627648,-0.5641051391067253,-0.4079275131225586,0.9991593906624344,-0.13442387018414434,-0.564461352808182,-0.4074220657348633,0.9992014408948517,-0.13466455194412374,-0.5649140730796751,-0.40738630294799805,0.9992561206433108,-0.16315915334614778,-0.5549333585408408,-0.397505521774292,0.999206255368883,-0.1629733109461736,-0.5560166325339876,-0.39842867851257324,0.9991543348790273,-0.1635122995840258,-0.5572420755326684,-0.39737772941589355,0.9991829653222005,-0.0591909545447566,-0.5821846851918673,-0.32610273361206055,0.9991211896475691,-0.19312485951970787,-0.5543344310521696,-0.287261962890625,0.9982059151765084,-0.10227859388164548,-0.5112772524775371,-0.37886762619018555,0.9995991696392997,-0.14083488879873582,-0.5014326911108605,-0.36625003814697266,0.9993971260857072,0.07733587346607544,-0.4376462486316148,-0.2524053156375885,0.9998763554888574,-0.22794888827174797,-0.4019504253294142,-0.1644895076751709,0.9998474197493208,0.11909666938839007,-0.19589039762395521,-0.2272334098815918,0.964685661478591,-0.2108232998804911,-0.16057355419357722,-0.0864013135433197,0.8542602094091571,0.09793801142525822,0.015881770376107968,-0.25297093391418457,0.6483938475630012,-0.13929809304601698,0.0044778956568393355,-0.1686035394668579,0.7358917567106917,0.10237375765506355,0.0874857505342193,-0.2734715938568115,0.5526028389441866,-0.10426667212668418,0.06773475001708076,-0.18435382843017578,0.6340339604469377,0.07547905358708051,0.08480257751401582,-0.2976515293121338,0.5545758296899045,-0.09773963555895912,0.046384949387125216,-0.21461272239685059,0.6399080319113954,0.08472541368546589,0.02918933495258498,-0.2605936527252197,0.5128988607479456,-0.12232775296895709,0.007610205840386578,-0.18169403076171875,0.6071493782819255,0.10053926287822446,-0.0065146891770900914,-0.04152822494506836,0.9996586620058036,-0.1009835154299949,0.0061070365090634335,0.04277181625366211,0.9992464669371797,0.06467766577614129,0.383632173815564,-0.11206769943237305,0.9697672578623938,-0.08357683801730753,0.38794084850730404,0.09264732897281647,0.903965777217792,0.10593028948977387,0.7474607334108114,-0.07450342178344727,0.9816116768028135,-0.06231314457096676,0.7399074308149315,0.19137907028198242,0.9383662056649583,0.11161338457740838,0.7935993423298986,-0.08119821548461914,0.8645023213604612,-0.06681321147393687,0.7894368676427068,0.1937246322631836,0.8496452665403111,0.08897375819877115,0.8345646708602796,-0.2022991180419922,0.9696210183418954,-0.16997476101164366,0.8340504795399681,0.09900236129760742,0.9430293141695648,91.38541407022349,21.17023098031437,159.94809197522528,85.91521013066973,142.866623646175,160.14257398936584,97.2462136593155,14.627509085584744,133.5457863101771,93.74978551355898,156.8626465714853,171.75002699519956
-0.024966045467060802,-0.4918793168857754,-0.5111632347106934,0.9998742360453724,-0.01488956859299661,-0.5334921182209831,-0.5031130313873291,0.9996876320469712,-0.01451662123129955,-0.5337891858665392,-0.5023963451385498,0.9996665391165501,-0.014459834471981108,-0.5342982271381166,-0.5022139549255371,0.999702916894689,-0.04725927204765838,-0.5301522105306674,-0.49918174743652344,0.9997583549194586,-0.046986196642801195,-0.5311548937638267,-0.500145435333252,0.9997218247966966,-0.04713755029874047,-0.5324487051131523,-0.4990999698638916,0.9997550143569384,0.04787877734589244,-0.5363379578973192,-0.3995821475982666,0.9995420107138748,-0.10154247969915779,-0.536149762481461,-0.3902854919433594,0.9993703794320989,0.002835546754740518,-0.47389280351528784,-0.47159337997436523,0.9998183958540717,-0.04024416319258882,-0.47203453968392195,-0.46753954887390137,0.999788952408504,0.1520051762780603,-0.37418251325916235,-0.3019421398639679,0.9998744723108947,-0.18590381640932946,-0.3924475363490708,-0.26484060287475586,0.9999291707162133,0.1707180521086231,-0.14047091620475766,-0.291187047958374,0.9752148093834727,-0.22284141850297526,-0.1609344050352589,-0.17927032709121704,0.9500233898927953,0.15633934171937847,0.10928651661489648,-0.3430294990539551,0.5689068173735669,-0.2118669737552049,0.08247115832989664,-0.23280751705169678,0.8042956443940752,0.16310287037675675,0.1833961653847683,-0.36490797996520996,0.44355204963340433,-0.1988558140232879,0.15920867237951467,-0.24116182327270508,0.6537821402874443,0.1336407766670956,0.18804169340606522,-0.3912174701690674,0.45249522862069275,-0.18773520609096997,0.15609553854860206,-0.275054931640625,0.6673505768913764,0.1405515296613001,0.12641850686818434,-0.35209226608276367,0.40479485892540745,-0.1959431069793034,0.09853953201070674,-0.2452092170715332,0.6435215102899967,0.1091670055312755,0.0004779521808529613,-0.025924205780029297,0.9997715956969925,-0.10951834565545067,-0.0007717776896893364,0.02737879753112793,0.9995291488894484,0.1137668964734863,0.34501459754884145,-0.1680283546447754,0.9934213192559758,-0.17189909803744222,0.3670403116580186,0.04881218075752258,0.9751605005935163,0.19162893182037155,0.6999945283914214,-0.1439371109008789,0.9969496820253728,-0.18816998885781278,0.7146501341669441,0.16058969497680664,0.9842220898054935,0.20109934752727707,0.7464525644244396,-0.15351247787475586,0.9029633065571594,-0.1978046573659693,0.7644127183159752,0.16407299041748047,0.9346944892793587,0.18949098999140335,0.7832396391789007,-0.30164432525634766,0.9909114978038007,-0.3156768906071437,0.8023791628386736,0.05862855911254883,0.9773483466421623,97.32919025106288,35.10749040961795,163.6682305274065,96.16590687138547,120.98238819708338,151.4453582795591,97.73004189918016,23.891713601266627,145.59074255631052,99.80545570337567,141.95841744149692,163.96379078241438
0.0703997522637494,-0.641264228795763,-0.20020675659179688,0.9998066406770171,0.07244852830282758,-0.6795837934708608,-0.1799933910369873,0.9995986618781381,0.07266972877097091,-0.6798102921571122,-0.17926025390625,0.9995380439696864,0.0726027133848328,-0.680430632530124,-0.17945528030395508,0.9994974779476268,0.0438318659504194,-0.6763397251967851,-0.1921987533569336,0.9996795432029645,0.04438956891892084,-0.6774206412526066,-0.1927788257598877,0.9997275686435104,0.04414386436132854,-0.6786146570442817,-0.19234061241149902,0.9997369074566792,0.07458780726877808,-0.6658423558224508,-0.06056928634643555,0.9980315182575337,-0.05242857162407318,-0.6589209597438729,-0.12964963912963867,0.9997838192348577,0.07299144103606368,-0.6150159278926202,-0.15709543228149414,0.9996534260535805,0.035606350888379906,-0.6122387847613863,-0.17547273635864258,0.9998404306318509,0.13964147897372167,-0.45369823405931103,0.0583178773522377,0.9981558921186795,-0.12925205691646086,-0.4865859827522096,-0.15065860748291016,0.9999509659677475,0.10988347288038691,-0.19540306141129557,0.10287070274353027,0.20370317990131917,-0.15501633620875266,-0.23136850353447747,-0.17594052851200104,0.9895231705276878,0.13148386559746156,0.0006725691876244099,0.008143901824951172,0.1891864667710829,-0.05769463821763499,-0.05065155259245066,-0.2408992052078247,0.9615253591795105,0.13158642828858708,0.07486193673553912,-0.008375883102416992,0.19273699522342932,-0.031611323278236014,0.020218118100329825,-0.27391719818115234,0.931572865727829,0.12876366317436092,0.07501631158124436,-0.04146575927734375,0.20407372863807202,-0.00607930481283446,0.012081321402718975,-0.28277134895324707,0.9281919687442237,0.1250099599918761,0.014167719952025811,-0.007618904113769531,0.2074800998710828,-0.03866268615417944,-0.03861943399920244,-0.24542641639709473,0.8983003072458627,0.08948768044054911,0.011381467735175569,0.07390546798706055,0.998713635196053,-0.08981157301887041,-0.011946490473398847,-0.07261228561401367,0.9993788632582872,0.0630521311629558,0.4109690182635541,0.06592690944671631,0.9002634950642805,-0.0645763687160711,0.389001020215909,-0.07164305448532104,0.9888585083453203,0.03605812721230214,0.7704232440878754,0.14876222610473633,0.9643795131461808,-0.13063256022124103,0.7508482517467312,0.01706218719482422,0.9892926232224425,0.04261227591367903,0.815785307195576,0.14637279510498047,0.9242550968079786,-0.13794399680436983,0.7976726116069913,0.016872882843017578,0.8462222466790515,0.14621388108473954,0.8564487521371615,0.060518741607666016,0.9684572263433017,-0.07505807018599954,0.8649338549120661,-0.10276460647583008,0.9838854114895763,,,,92.09812277359201,176.137739195404,165.90764547413232,92.48110420423693,18.244770968124545,144.64176601650607,81.37569264766346,170.7609441434532,160.74052748943816
0.026283920808443748,-0.6498924857948658,-0.23322463035583496,0.999823121169054,0.03132378578631369,-0.6879738763212482,-0.2124650478363037,0.9996140184554672,0.0315624187443915,-0.688199654252088,-0.211808443069458,0.9995840647644862,0.031550559569041375,-0.6887403924632705,-0.21212100982666016,0.9995259328865005,0.0003034654429369364,-0.6836862895949947,-0.22089505195617676,0.9996106324590037,0.0007752857761747362,-0.6846994054290361,-0.221604585647583,0.9996200234545275,0.0003983001451900517,-0.6858454566632768,-0.22120118141174316,0.9995897044980897,0.05294474371139375,-0.6703613518454591,-0.09114646911621094,0.9985450132695108,-0.08831106945432152,-0.659960237516046,-0.1437830924987793,0.9996463856465507,0.03583869904827497,-0.6228061223758686,-0.1898360252380371,0.9997740135994003,-0.00539413630969399,-0.6190901222274231,-0.20360040664672852,0.9998621744915948,0.1347390950662268,-0.4621493662820477,0.01216929405927658,0.9992932102514276,-0.17150232660750678,-0.4818258065795985,-0.1253354549407959,0.9999364443023041,0.09622070253364999,-0.20377810500614937,0.057845234870910645,0.3995649131151335,-0.1841683984026268,-0.2347763222499867,-0.08913194388151169,0.9610788321323949,0.11984016883155069,0.019807191548286845,-0.03969979286193848,0.23433838659681075,-0.09852551577503504,-0.01035954818456206,-0.1095590591430664,0.7629669136723909,0.12536769397481162,0.10718618506084537,-0.06031346321105957,0.20678662129734768,-0.07148764974099661,0.07381364013370323,-0.12782001495361328,0.6675890779635192,0.1190410505318866,0.11067646525426961,-0.0943901538848877,0.22393994879596965,-0.04644756093435812,0.07142397469513731,-0.15085220336914062,0.6666158555055858,0.11182598231905905,0.03782078291242283,-0.054827213287353516,0.2269940994216025,-0.07795980685929978,0.006501570533895962,-0.11838936805725098,0.6324147446365086,0.10367197853289169,0.0008394697415418429,0.054772377014160156,0.9993145226944546,-0.10395795492560761,-0.0015250592760851123,-0.05341529846191406,0.9995908118488286,0.11718638106554248,0.3946453024972918,0.0400317907333374,0.9399397088549633,-0.04182019918497295,0.39562296308310585,-0.029904693365097046,0.982755937639232,0.11047207228974315,0.7395402592080347,0.17786264419555664,0.9680102972484322,-0.009115212187066107,0.7499634122098944,0.1095132827758789,0.9876488316367087,0.12031333470551002,0.7826152160350249,0.18165254592895508,0.9321246976501586,-0.005128303352553227,0.7967329392814635,0.11222410202026367,0.8665707791418475,0.21801918362111827,0.8125506930379428,0.08385705947875977,0.9721187149562315,0.03433231825455953,0.835824029142195,-0.021739959716796875,0.9839008950374469,89.72279595574659,6.555668720450942,,91.32969459263403,170.60839288259652,155.8893573242482,85.93452115141865,10.823298482927232,152.8267205171004,79.99207133944098,174.8368742822644,161.61266231811817
0.037274726228395665,-0.6206337427009044,-0.1809077262878418,0.999747967588639,0.043016809321329376,-0.658861403970175,-0.16098594665527344,0.9994461116971748,0.04315653926657259,-0.6589943332328534,-0.16017651557922363,0.9993276468532849,0.04305960984640637,-0.6595801789992654,-0.16048073768615723,0.999321421293707,0.013763741914390656,-0.6578166079662314,-0.1765751838684082,0.9995846895781983,0.014203603529108363,-0.658870025157774,-0.17718982696533203,0.9995313434636218,0.013705090197814254,-0.6600032553530916,-0.17670226097106934,0.9995627035320261,0.037572185210986354,-0.6523797413408251,-0.035286903381347656,0.9990217440976106,-0.09338538385083794,-0.6556007890082246,-0.12096357345581055,0.9994563803478914,0.03357554900672929,-0.5984604395406227,-0.13521361351013184,0.9996602337073905,-0.004114444341595934,-0.5985408842910949,-0.15721583366394043,0.9998508938955147,0.0829745588006011,-0.46452212172184004,0.08282430469989777,0.9974621923559349,-0.17677154677243898,-0.48894340177169837,-0.11881780624389648,0.9998967794402124,0.05725366198071643,-0.21680580715292622,0.15419816970825195,0.1626810956290466,-0.19554354926362,-0.2379678988257964,-0.11247046291828156,0.9856285495324927,0.12870941039558695,-0.03307395031917088,0.054392337799072266,0.1931876226192216,-0.11824138122543684,-0.0205133291544137,-0.17358779907226562,0.9479337294767357,0.14284196278637104,0.037205398746068506,0.03938031196594238,0.21728940584285844,-0.10182355844775738,0.05379346778496501,-0.1995372772216797,0.9092503095164404,0.14856817743569078,0.04194423872109976,0.0008592605590820312,0.2252108695193993,-0.0690008801214031,0.05580729408424592,-0.2121903896331787,0.9072623644572723,0.12805491361946494,-0.018486463787087126,0.03667187690734863,0.22082271009182047,-0.09828161652173012,-0.0038558690709349797,-0.1792125701904297,0.8711997151193633,0.0990231080166206,-0.012506047353497578,0.0612797737121582,0.9983342243651017,-0.0992907576920364,0.011692052632425318,-0.05964779853820801,0.9990208466126292,0.3097600880316586,0.2141872048943675,-0.11190688610076904,0.9933882099834415,-0.04930703463122889,0.4152033201863968,-0.060952067375183105,0.9832762218705475,0.09419607091681259,0.4611373174871414,0.0897369384765625,0.9434120645734451,-0.01809160660196476,0.7712173111765582,0.08711624145507812,0.9842229413336003,0.07313072703092276,0.4932433259660112,0.10407829284667969,0.8792766575082573,-0.014310879628697842,0.8181451111722328,0.0935506820678711,0.8417126598081398,0.09064372580630914,0.6140250278039215,0.037943363189697266,0.9458035677971598,0.005050550247384725,0.8799235457145089,-0.03477287292480469,0.972733668112283,,,,100.6895173031149,133.02561834868231,79.71649348275581,88.2513798434541,14.042816514709008,151.33197852637466,90.0057098768862,172.93848633941965,157.22347650320916
0.053627758869356404,-0.6169727958360954,-0.16153287887573242,0.999745328149693,0.05987525526511424,-0.6521054820315064,-0.14136481285095215,0.9995596490355175,0.06000141959527604,-0.6526294149129432,-0.1403975486755371,0.9995360311534668,0.05970464301147921,-0.6531024303215213,-0.14042258262634277,0.9994197739164843,0.031885238514837724,-0.6538452803993885,-0.15926766395568848,0.99954920037782,0.03242899219805957,-0.6548980688938218,-0.1598496437072754,0.99959075411402,0.03198173639431742,-0.6561138949718041,-0.15937447547912598,0.9995120577693399,0.044192143982060256,-0.6477569095696939,-0.012421607971191406,0.9991838516081321,-0.07633158137855735,-0.6579059716979524,-0.1087489128112793,0.9991166958063541,0.04399536117387792,-0.5953662231343622,-0.11570501327514648,0.9989896428268984,0.00916249115673809,-0.5973071592847923,-0.13990378379821777,0.999274349714509,0.04038659232055958,-0.4712351557265548,0.1113191545009613,0.9843147069492065,-0.13265679564830896,-0.5085790990381401,-0.14580535888671875,0.999501052423259,0.04184773631981758,-0.24342917858587979,0.1504230499267578,0.05642946253033556,-0.11724822718546449,-0.341482008361428,-0.29649174213409424,0.897303654763313,0.13713789313104197,-0.1405601618048855,0.06779909133911133,0.09865149164015342,-0.046084989900577106,-0.34653004541637755,-0.4750790596008301,0.8676904271494964,0.16308585336585185,-0.08908741699386315,0.05917644500732422,0.13057362232131328,-0.02784313281251421,-0.3365311588083083,-0.5222327709197998,0.8668136807846536,0.17973172437426138,-0.10233956346672907,0.0339047908782959,0.13359018601150474,-0.011055138246791149,-0.35004013279572654,-0.5216047763824463,0.863264848868189,0.14341464407691884,-0.13552629754203002,0.054006338119506836,0.13252192717144592,-0.03540694272124335,-0.3473218301107787,-0.4794015884399414,0.8134421909508176,0.07067908182429741,-0.03219688035948927,0.09459924697875977,0.9908700800643376,-0.07042614956450736,0.03135824610865366,-0.09315013885498047,0.9961428999610901,0.34237391935140493,-0.05459140509056747,0.05971670150756836,0.9832194436333159,-0.014296018813038977,0.3969224812885129,-0.10407805442810059,0.9978435366011988,0.2489198002364821,0.2443925316779035,0.16545724868774414,0.9691405079544301,0.006479031982169134,0.760321851479277,-0.05597400665283203,0.9988630016824398,0.2472672592593337,0.2825126499641753,0.1700444221496582,0.9558212691937158,0.013296548902520591,0.8050091988635418,-0.05730772018432617,0.9877109336615805,0.3414396193141361,0.35871310263459777,0.14615392684936523,0.9700702529745587,0.09223872626204972,0.8598100873945986,-0.17206430435180664,0.9963887922179384,,,,119.77877689799878,89.51786684644021,66.81422475090166,115.07563052812529,47.47167859248224,128.77702932931845,101.1212371339576,172.46041524870046,169.29189683939913
-0.03982977166295101,-0.6066175104132867,-0.15915751457214355,0.9999653153411127,-0.03031108436647241,-0.6461377894081636,-0.15850400924682617,0.9999390660947731,-0.02975596158183924,-0.6463996963627797,-0.1580350399017334,0.9999384770185616,-0.030050244020419954,-0.6467388806216908,-0.15798377990722656,0.9999557694485844,-0.054899555430366766,-0.6409809333967673,-0.13982057571411133,0.9999260920433655,-0.05428599425919701,-0.6416989679095256,-0.14058184623718262,0.999901583900462,-0.0544191434993257,-0.6431345328060675,-0.13978099822998047,0.9999176052030393,0.060327598501127525,-0.643404471737821,-0.1029210090637207,0.9998787136277697,-0.04876783563765089,-0.6355140017402705,-0.033466339111328125,0.9998780158560308,0.0008790785353773936,-0.586439513778614,-0.14015865325927734,0.9999373663002858,-0.03191338947729573,-0.5819831261785684,-0.11784648895263672,0.9999045562364703,0.16047080053263466,-0.4767941392493748,-0.099334217607975,0.9999251519881286,-0.0737141970332496,-0.4616024865208621,0.07214546203613281,0.99959846288087,0.11691237731638662,-0.33618895507743096,-0.22564935684204102,0.987229605441036,-0.17332176484971565,-0.2651915489350501,0.1051320731639862,0.6066089505205193,0.024419075901152318,-0.4198711193222976,-0.3550233840942383,0.9847307287888412,-0.1912649084264178,-0.30121810668570653,-0.02649831771850586,0.8354477482383648,-0.008413584867069696,-0.43293207206626544,-0.3792736530303955,0.9715259095443696,-0.18125269571848743,-0.30007330487613276,-0.04125165939331055,0.7720103483047557,-0.006842468193948625,-0.45307245884658975,-0.37925148010253906,0.9681698114638314,-0.1798575911368163,-0.3298802814918316,-0.043154001235961914,0.7616230391085922,0.017012189552071174,-0.4303330075564343,-0.3533360958099365,0.9416859296858424,-0.1825072709336636,-0.3109528804472719,-0.03104090690612793,0.7293002103604604,0.09107923770923886,0.03223319776940343,-0.05344104766845703,0.9997447053047602,-0.09103661920686104,-0.03277864655213529,0.0546114444732666,0.9997516958163184,0.0010232715124350034,0.4301833795177341,-0.029926300048828125,0.992184495770145,-0.33073065176058497,-0.010603059757732836,-0.12864264845848083,0.9947840326004911,0.04089955680758435,0.7856593267833721,0.04273176193237305,0.9968242301844903,-0.2243973093722915,0.3583938608143725,-0.03416109085083008,0.9794295520838341,0.046046410966305754,0.8320122850884815,0.043102264404296875,0.9496014962881038,-0.21433605169613013,0.4040129082645064,-0.02931070327758789,0.9594141668073641,0.006959500635593627,0.886487774437322,-0.07229900360107422,0.9932150571307128,-0.2888423176047456,0.48869696936086654,-0.09181356430053711,0.9778162684715929,99.51948983853401,46.55378621721156,104.29130574620092,94.39025189252236,174.70740477805143,159.33631643272597,119.5975681427072,26.802593022324437,71.68715181260731,109.53552885011833,97.4613356275271,73.1806709730555
0.06007261101709749,-0.6361772035751492,-0.18801236152648926,0.9999413283912152,0.07706408151930329,-0.6730173355563662,-0.18433618545532227,0.9998754257730927,0.0777600026962147,-0.673373533449634,-0.18393397331237793,0.999890766125319,0.07735463789273471,-0.6736285426715732,-0.1839001178741455,0.9998532582725622,0.04916957432529519,-0.6737932438895669,-0.17047762870788574,0.9998842371812542,0.0496520222046774,-0.674524634206811,-0.17165231704711914,0.9998709734432488,0.049734226870705445,-0.6757423692989803,-0.17058610916137695,0.9998542262736424,0.1574376670835938,-0.6553856086111656,-0.11222553253173828,0.9999191096899757,0.032413689754081765,-0.6666917216611083,-0.05882883071899414,0.999744481029554,0.09198145303384671,-0.6088722633877196,-0.1617603302001953,0.9999108148685774,0.05497706648105804,-0.6098429237625101,-0.14415597915649414,0.9998802558126743,0.24927535622738806,-0.46510292438505696,-0.09746092557907104,0.9998319365575108,-0.05303278564944802,-0.5106420819165977,0.02479386329650879,0.9997834450070361,0.23415090395313093,-0.297535059506474,-0.25373315811157227,0.996510084556964,-0.16228507635203648,-0.340323003818425,-0.0930311530828476,0.9142908701850412,0.10795510224896251,-0.3873226234583736,-0.426069974899292,0.9869556879791376,-0.12352496412410913,-0.386860026105483,-0.348354697227478,0.9580224048609753,0.05919054691847425,-0.3971483440193691,-0.45681309700012207,0.9669786554838432,-0.1030502861662142,-0.3815763084104524,-0.3910644054412842,0.9173036339677059,0.05868880512053364,-0.43215938501169215,-0.455596923828125,0.963582796220988,-0.08415820809216608,-0.41210445515524063,-0.3816721439361572,0.9102697986137964,0.09414123355926751,-0.4038903803080179,-0.4243190288543701,0.9360978319683427,-0.10490258534114041,-0.3936988611258635,-0.35100650787353516,0.8826968224482376,0.10002340369153484,0.009512316779628834,-0.05427074432373047,0.999142611729834,-0.10020706087645727,-0.010180444314379802,0.05488991737365723,0.9997477394443165,0.09802469239148517,0.4145908587047696,0.005399227142333984,0.9980847736958537,-0.13876964667188876,0.37250544516191336,0.06209331750869751,0.9955337236822561,0.21189542453296195,0.7357708705870408,0.1239314079284668,0.9973736123922256,-0.12404416842966684,0.7560673767026087,0.14475440979003906,0.9969187768409434,0.22458819244194544,0.7815637189870939,0.12649106979370117,0.9339217134844598,-0.13095802648290814,0.8031464552447121,0.1451878547668457,0.981043089534461,0.17702196299951925,0.8439457965023806,0.015268802642822266,0.9951328505689118,-0.2573419998648697,0.824882478099613,0.06150102615356445,0.9943262222278304,107.04635746245123,49.12970099206121,105.02666568461704,90.65002769892199,162.606518880696,157.9754002174636,98.10301976342181,42.56450302065695,106.95940617789796,90.63219760546703,177.6179066124469,166.39951803824437
0.07130755239361616,-0.6391553699468752,-0.13946032524108887,0.9999906098598575,0.08344468632436515,-0.6754646832030263,-0.12325859069824219,0.999984535458031,0.0840834966398935,-0.675877593179041,-0.1227726936340332,0.9999777600958599,0.08382580004278195,-0.6761539438220451,-0.12261486053466797,0.9999749675871441,0.05104833234043538,-0.6760320825657243,-0.11911797523498535,0.9999869947320608,0.051453736273725036,-0.6768849186024916,-0.12011194229125977,0.9999817267355725,0.051409375446760754,-0.6780480643789651,-0.11891388893127441,0.9999845586538256,0.1406086922034056,-0.6565320890450761,-0.017105817794799805,0.999972744739122,-0.008639913710590086,-0.6653496852196182,-0.010167121887207031,0.9999811307901814,0.09486876378714994,-0.6110503775062532,-0.10143542289733887,0.9999782372416802,0.05070137428822476,-0.611477603749069,-0.0974588394165039,0.9999849154117961,0.22921164287269047,-0.46819153650660333,0.036762841045856476,0.9997689605818347,-0.10401976181385353,-0.5045847893016487,0.033560752868652344,0.9999627110558866,0.25103330896591625,-0.3056965595162377,-0.12419629096984863,0.9776554934063239,-0.19274844746582961,-0.35309229824745136,-0.09212058037519455,0.9808215128105356,0.18356627760382013,-0.3890842363802176,-0.3393900394439697,0.9612545167828931,-0.08676298481917408,-0.4092659174638828,-0.2926626205444336,0.9822052391136071,0.1536279464400651,-0.400053064490999,-0.37090635299682617,0.9099683965065641,-0.04218827854122164,-0.40769268159651967,-0.3329000473022461,0.9505976212131336,0.15475473113607457,-0.4281538653471731,-0.36910057067871094,0.9009878826785307,-0.028228944885020216,-0.4437846548385947,-0.3199038505554199,0.9447680774814178,0.17343428610969747,-0.4029615192509777,-0.3399641513824463,0.8586735125713719,-0.06623731568535782,-0.41991463856056915,-0.2918539047241211,0.9226595354880028,0.11602422989150113,0.0064050010860215115,0.0019369125366210938,0.9999013229401469,-0.11590356462731148,-0.006920657671365238,-0.0012061595916748047,0.9999621965388352,0.21156585318488624,0.4117116278520044,-0.013119220733642578,0.9972188634580591,-0.21300074748597175,0.35742374494861356,-0.005985766649246216,0.9987438522900504,0.3541409366399576,0.7063068107131176,0.13074970245361328,0.9964766870830863,-0.2872073874784624,0.699695995447303,0.13440752029418945,0.9991722025236803,0.3773757120896882,0.7488074388156682,0.1373753547668457,0.9633602019249982,-0.3019624080936092,0.7449259863471132,0.1405315399169922,0.984817604559525,0.47026026560749884,0.7964663817347961,0.04095602035522461,0.9931415476494112,-0.4096410293523632,0.7719315132631824,0.0403742790222168,0.9969316190695039,99.46817489175577,44.4300910087195,110.79726238425893,106.5104904713151,153.28666100202884,151.45201551705077,109.74818352164614,41.40334794100619,98.30823705325523,101.64204227265041,166.0699452221074,157.2773926537978
0.08203294495771232,-0.6349534842890054,-0.28413844108581543,0.9999694954435487,0.09429983658764794,-0.6698135767823786,-0.2692985534667969,0.9999349912388958,0.0948298631587253,-0.6703504196725804,-0.26839566230773926,0.9999146335566492,0.09450800603488413,-0.6706738758111912,-0.26811933517456055,0.999910995917568,0.06305785976868142,-0.6702760453745037,-0.2634556293487549,0.9999353251415364,0.06339971251828731,-0.6712358010506575,-0.264141321182251,0.9999086791127756,0.06318122999489514,-0.6724655706701079,-0.2632322311401367,0.9999263564291316,0.15379038058456265,-0.6436953156902925,-0.16978812217712402,0.999849871420384,0.010489889174611633,-0.6548131244959626,-0.1578369140625,0.9998814711367475,0.10621725201477285,-0.6051169819011518,-0.2502248287200928,0.9999380558046068,0.0632713543166445,-0.6063688633931349,-0.24490904808044434,0.9999382497845486,0.23628064238864924,-0.4579736256314975,-0.13442614674568176,0.9990465136750675,-0.08921368022257098,-0.5186840705804705,-0.08560514450073242,0.9998247831656946,0.3318350390477592,-0.3516833692834014,-0.31479084491729736,0.997524366493528,-0.29703187798842745,-0.5703989932772088,-0.04949629306793213,0.9975942728122073,0.22085461899219397,-0.4735304594501347,-0.5214598178863525,0.988314333647568,-0.45427024710230085,-0.7033163956298326,-0.12261474132537842,0.9957456231144652,0.1815991535664904,-0.483695601788862,-0.5574042797088623,0.9530412385436486,-0.4759196011800856,-0.7214886976474064,-0.14553427696228027,0.9838062241075168,0.15538119241384007,-0.5154067569288826,-0.545506477355957,0.9468919521100868,-0.4765838177342603,-0.7432727815778197,-0.16707921028137207,0.984432978428938,0.196649492659799,-0.4889486538658333,-0.5211836099624634,0.9278659677381433,-0.45594950178937754,-0.712826752043695,-0.13773536682128906,0.9807711733867437,0.11332825400513068,0.011167818813940553,-0.0027742385864257812,0.999716886687062,-0.11333005224583888,-0.011615309030962142,0.0037860870361328125,0.9999471728539394,0.19292742093912896,0.4076883925986721,0.053122639656066895,0.9942219920455303,-0.2419159057940601,0.3422227444681689,0.003947913646697998,0.9990169707861515,0.27645675471315984,0.679657851673905,0.2691006660461426,0.9920535825695299,-0.3735976158113331,0.6648895545740764,0.11000347137451172,0.9991678329449049,0.2958645973124182,0.7225215787146101,0.2816023826599121,0.9515010042276443,-0.39219357486357687,0.7102296667318432,0.11253690719604492,0.9806343056644923,0.38118234574769616,0.7922320977900137,0.20183610916137695,0.9868838466431232,-0.49355710963835325,0.7581602133343958,0.005297660827636719,0.9969184926732421,127.00763081676394,82.86164380877388,103.03446196439694,106.68195335561114,153.48710473494842,150.20927346998886,176.43131491136344,99.24429455854492,141.0655628761514,104.22606163074167,160.1579384374038,162.95656508410642
0.054638765370054555,-0.6210143884393917,-0.2892589569091797,0.9999779678178036,0.06882618661558912,-0.6588400655470434,-0.27962613105773926,0.9999273482452752,0.0693654899550836,-0.6592091565376111,-0.2790849208831787,0.9999074765808502,0.06915343805647928,-0.6596999236880656,-0.2788076400756836,0.9998978586399224,0.03696303249763504,-0.6600120255930189,-0.27554798126220703,0.9999513403430831,0.03739785411114116,-0.6609361916496206,-0.27654433250427246,0.9999386632457916,0.037212703188320984,-0.6622798892966081,-0.2750895023345947,0.999944856273577,0.1318550668209052,-0.6552594285968283,-0.1765892505645752,0.9998623800144895,-0.01645510125093759,-0.6668858680212645,-0.16746759414672852,0.9999160119696507,0.08098104476133738,-0.5990144708163402,-0.2505457401275635,0.9999670311319286,0.03692791094617579,-0.6009902480892784,-0.24581313133239746,0.9999759414586077,0.2286808331741687,-0.48528239662209055,-0.08602312952280045,0.9999536285745364,-0.11893709134180241,-0.5298064295423358,-0.07550382614135742,0.9999818279457481,0.3507397230285414,-0.29565161563007736,-0.08767998218536377,0.9967311107424129,-0.2776111496914366,-0.3603258330165215,0.00977364182472229,0.9872769563850745,0.23163194562712586,-0.1667075621559083,-0.20743489265441895,0.9690517963006446,-0.21480358138821784,-0.1892237644244239,-0.04014480113983154,0.9699601737131408,0.18825867661612705,-0.11291681421371527,-0.23838448524475098,0.8977489686033238,-0.18228605896603584,-0.12165831814109698,-0.05263090133666992,0.9229532849827815,0.15406135102421342,-0.14247315168210437,-0.24744725227355957,0.8952861216473349,-0.15556100615658827,-0.1455487407650778,-0.07185482978820801,0.9230536947753623,0.20695983227891876,-0.16901006690937145,-0.20930981636047363,0.855248415650683,-0.19159616117269757,-0.18419220601776504,-0.04583287239074707,0.9054634151200912,0.11590789281421866,0.007841441109706668,-0.0050144195556640625,0.9996902715905777,-0.11609273561234384,-0.008497008322628456,0.0061419010162353516,0.999893775029949,0.2039230011247412,0.41099618112448216,0.003196120262145996,0.9964637290903671,-0.2001042281950143,0.372239995821555,0.025326669216156006,0.9978738879099945,0.3617474675360727,0.7039015329000702,0.16638660430908203,0.9964775474797612,-0.2835049790447444,0.7147173873523495,0.163726806640625,0.9988791134704542,0.38584583463008376,0.7455551452276924,0.17409992218017578,0.9618707229349176,-0.29871834621948123,0.7602005358254309,0.1704554557800293,0.9836797411201365,0.4627537959246827,0.8075180011753762,0.08266973495483398,0.9926361683472948,-0.40707788001303347,0.7898701952614061,0.07229423522949219,0.9964575504338956,130.0604046196029,46.44343239778098,102.18132077510377,106.26419421118419,153.69335655612872,150.64796527887876,124.01323443899078,43.376045809953716,108.42854308193841,98.53128622097253,165.9334399359271,161.34077388293224
0.08192225423777368,-0.64563025477136,-0.25983214378356934,0.9999427421772127,0.09755749307775169,-0.6815852570706177,-0.24628949165344238,0.9998157566098747,0.09813119036749188,-0.6820034032875287,-0.24576091766357422,0.9997526985220562,0.09797173890067805,-0.68242630307368,-0.24560070037841797,0.9997401871319579,0.0655364674796339,-0.6835345158381597,-0.24326610565185547,0.9998853094540395,0.06599885377073492,-0.684356991706682,-0.24423432350158691,0.9998525460194045,0.06588650186594361,-0.6856695332040224,-0.24291062355041504,0.9998775593828381,0.15792845891443336,-0.6656171631063732,-0.1426992416381836,0.9995895096702528,0.01045583811444159,-0.6812074825236524,-0.1367931365966797,0.9997672348421015,0.10652068369140703,-0.6187324295055299,-0.22306036949157715,0.9999257372494632,0.0626308991203178,-0.62193091641964,-0.21930837631225586,0.9999487250420485,0.24647327044303927,-0.47609332198812765,-0.06345980614423752,0.99984319686248,-0.10269333623995434,-0.5327639279431672,-0.0635535717010498,0.9999761006391186,0.3493966226106063,-0.27882159578156807,-0.08235597610473633,0.9894631463368909,-0.2523712547630385,-0.3605048898202683,0.0044288188219070435,0.9808657547234185,0.2514403132578459,-0.17208382959144758,-0.22672152519226074,0.8936180013983605,-0.2050078494117405,-0.17870764235822495,-0.06462705135345459,0.9452508800544164,0.2136843357040602,-0.1279306961415592,-0.25899577140808105,0.7593658456693045,-0.1799067935110704,-0.10941817479722465,-0.08101534843444824,0.8778619860510734,0.18849148247270775,-0.1591182954255324,-0.26878929138183594,0.7552783302095957,-0.15221818018769967,-0.1320965611063293,-0.10370135307312012,0.878084110553356,0.23073656122644107,-0.1768933249336892,-0.2298264503479004,0.6966820408262137,-0.1825589765269106,-0.17241626044694003,-0.07304835319519043,0.8569803175775915,0.11571127944828002,0.007125783834177366,-0.003695964813232422,0.999541012496333,-0.11586376067234076,-0.0078063169930354,0.0048601627349853516,0.9998352220184799,0.20864860208372832,0.40016742099923025,0.011963248252868652,0.9963013670179547,-0.18940931281647075,0.3769967293110519,0.051117002964019775,0.9971015053191944,0.37548196595810435,0.6942660301317854,0.16929101943969727,0.9965260705874542,-0.2793649190016934,0.7118405771747397,0.1964578628540039,0.9984905957895472,0.40027103241533035,0.7355397771710395,0.17671871185302734,0.9509333052615312,-0.29440077789190233,0.756131926127966,0.20300817489624023,0.9769245853324756,0.47518593856547287,0.8047566840876259,0.0851736068725586,0.9929143351681821,-0.39228362200407113,0.7877635748990488,0.10394287109375,0.9955707157892941,126.61641394808231,44.1804339736511,107.45866042775603,106.88246043949626,151.2834683387002,152.38446143079017,120.29848593311634,39.67657872290829,114.19409144734585,97.32605146568547,170.66326758657235,163.48343274552394
0.07432123469538636,-0.6345351753204471,-0.2774217128753662,0.999982930560261,0.0845467488556029,-0.6714494037866612,-0.26428985595703125,0.9999486260277358,0.08504644409461015,-0.6717928610950367,-0.2637326717376709,0.9999329034682166,0.08494419611288082,-0.6723393132130636,-0.2635061740875244,0.9999302900214639,0.052636475266587324,-0.6710863593093905,-0.26401710510253906,0.9999682140338633,0.05317054013115825,-0.6720076928522913,-0.26484227180480957,0.999959240405968,0.052916318574621805,-0.6733468129757277,-0.2636845111846924,0.9999640830163228,0.13296120050918606,-0.6590897825950689,-0.15550875663757324,0.9998652436144958,-0.013101466425728944,-0.6643501842186413,-0.16632080078125,0.9999502038058216,0.0952977587856905,-0.6093200537248246,-0.23792147636413574,0.9999659478831184,0.05216195810600385,-0.6097474108467643,-0.2392134666442871,0.9999808358057544,0.22616135520416422,-0.47085465581909536,-0.06177842244505882,0.9998920729805704,-0.12212283590301928,-0.5227820838027927,-0.10033416748046875,0.9999830993574209,0.28541177720708477,-0.2709962739952114,-0.01876068115234375,0.9800792148220006,-0.2873997370446142,-0.3608501172208183,-0.03764401376247406,0.9877415889191511,0.20246292853173403,-0.12248683340033001,-0.10953402519226074,0.8804665047472751,-0.19787511919526493,-0.16321276994999173,-0.07995891571044922,0.901541620496199,0.16727758638531398,-0.062221577946225515,-0.13554596900939941,0.7421181780092088,-0.1638390163882016,-0.08587001834965735,-0.09421873092651367,0.777427735029758,0.1435718892703924,-0.09239374096460684,-0.1569981575012207,0.7428850820082048,-0.12749952297282738,-0.10996237670517293,-0.11282873153686523,0.7741327662663557,0.1834514669075504,-0.12354054537583445,-0.11614131927490234,0.6834413560163263,-0.16978395415328143,-0.1558378566567,-0.08604240417480469,0.7461378640241627,0.1173633674144077,0.007035372531518225,0.01555490493774414,0.9995245109166866,-0.11756171000512264,-0.007742714459159514,-0.014263153076171875,0.9998573818217883,0.2362557342352334,0.4016402232920507,0.034995079040527344,0.9957999165789811,-0.19157254783467853,0.37679489982226255,0.01068037748336792,0.9981924270364694,0.38541617345266516,0.7180097688737561,0.14909887313842773,0.9962616808831327,-0.28079162632833277,0.7223329010730558,0.13079500198364258,0.9986953355525022,0.40840978229865577,0.760891692301547,0.15166664123535156,0.9662397178141824,-0.29490271517508104,0.7684246751457577,0.1348109245300293,0.9695051238446663,0.5036990564460211,0.8104051476483728,0.054325103759765625,0.9922038621220349,-0.3761656892988898,0.8078013531641643,0.026166915893554688,0.9955149676831264,115.67906503173585,28.976778750591503,120.55234330192053,110.53667555633007,149.91929138049764,162.53058180720578,123.39246275203159,45.30729451676328,105.94143612282907,96.76084659289185,167.259866040377,164.63742164495994
0.0388207495007889,-0.6424985832248804,-0.24864888191223145,0.9999832634052105,0.051778826804589645,-0.6785069619685316,-0.23687529563903809,0.9999526147139989,0.05234015030063036,-0.6788815103103462,-0.23634600639343262,0.9999514368124082,0.05221003924619849,-0.6792893273592032,-0.23628640174865723,0.9999544226317103,0.02123466629759211,-0.6775635421316498,-0.22975516319274902,0.9999576936026194,0.02169757538879105,-0.6784411369189136,-0.2307443618774414,0.9999468076217443,0.021613027628780618,-0.6797598581684847,-0.22951984405517578,0.9999418983127942,0.1194091165454213,-0.6588947398694257,-0.14609599113464355,0.9999415828593867,-0.02034409528152488,-0.6630366274853021,-0.12296152114868164,0.9998689568325195,0.06724228775712851,-0.614616690316116,-0.2168114185333252,0.9999839506384653,0.0259627008218467,-0.6142540264784419,-0.2084653377532959,0.999973638210753,0.22208993690026785,-0.47049444898434484,-0.09182482957839966,0.9999836916665227,-0.11649965004829138,-0.5085815683768998,-0.03821611404418945,0.9998978725671218,0.34915858019755114,-0.2704173105618135,-0.08753502368927002,0.9987732237392398,-0.2603238714235498,-0.323516601353291,0.021943598985671997,0.9625883932273632,0.21759469195095435,-0.13180622279766616,-0.1679701805114746,0.9863030776432798,-0.21159761545051828,-0.12999543147420484,-0.055673956871032715,0.9074756215554184,0.16724522760842944,-0.07787566739929579,-0.19881153106689453,0.9530528249112781,-0.18537178234701346,-0.05629371655213285,-0.07296037673950195,0.8184970564991739,0.12787532086932385,-0.11330385163218143,-0.20827817916870117,0.9524397833439809,-0.15484543831294859,-0.07884956025246956,-0.09326171875,0.8159150368594147,0.19019430574839497,-0.1355416461779111,-0.16811013221740723,0.9295574255415969,-0.18699450307690133,-0.12216570175027452,-0.06477665901184082,0.7858141892967349,0.10663268240853227,0.011127254931374453,-0.030293941497802734,0.9994816614472994,-0.10681896764104698,-0.011669922350888547,0.03130006790161133,0.999246047459719,0.10546143864849772,0.4150523467189745,-0.08008325099945068,0.9929901498944025,-0.057597279701851425,0.41191727385418875,0.08503487706184387,0.9805568750805611,0.18570310910075877,0.7868458896284241,-0.02126932144165039,0.9948743844638178,-0.027156265622023418,0.7773656743774535,0.21283817291259766,0.988613658818366,0.19854956501627502,0.8329377962537844,-0.02611541748046875,0.927191811172565,-0.032148528249009635,0.8243188503381497,0.21859073638916016,0.9361963108178122,0.2206478622170874,0.8777868858981084,-0.1505575180053711,0.9893119260915211,-0.11660986850676718,0.8626062086384407,0.11637735366821289,0.984298546501425,128.06686951520362,46.15451973923187,102.53783166297956,97.60267238162554,160.62347954155135,159.96072052613408,122.52405549519177,38.71604518303538,117.76426682487464,79.88778262630588,174.48061818031732,167.83210840964986
-0.09969209251502714,-0.6288808205574277,-0.15808367729187012,0.9999660202869414,-0.09163029784819868,-0.6650955449716369,-0.15835833549499512,0.9999693545245575,-0.09085443730489193,-0.6658342854715724,-0.15801024436950684,0.9999718302558046,-0.09122664040942013,-0.6657771277997707,-0.15767717361450195,0.9999710538289901,-0.1148434877356204,-0.6642223035367317,-0.13544678688049316,0.9999600341487649,-0.1146645905290119,-0.6650054169421864,-0.13582158088684082,0.9999431647599824,-0.11442441746293845,-0.6663762599502241,-0.13469934463500977,0.9999321386289401,0.010080022750057045,-0.6584110285935676,-0.10145163536071777,0.9999803513347385,-0.10332715274290316,-0.6658431306735098,-0.015294075012207031,0.9998990601500899,-0.054585082560854044,-0.6077248156509378,-0.13863635063171387,0.9999457993493572,-0.08808294825230178,-0.6081942396338822,-0.11129927635192871,0.9998734862206651,0.057403761599407105,-0.5044789247874989,-0.15387386083602905,0.9999787573138834,-0.02212818527987901,-0.5023585826598432,0.14166903495788574,0.9988892453645721,0.05487683940797912,-0.27824010343992445,-0.20974767208099365,0.993191220701937,0.0037528906290143355,-0.2682018964727186,0.23912468552589417,0.03417831038854925,0.013493571420794506,-0.1251199801282273,-0.2458820343017578,0.9680687628328245,-0.05648815290801532,-0.17099591516429144,0.18523716926574707,0.0906533589335623,0.006155464519043282,-0.06491201446970496,-0.2705860137939453,0.9471156855738049,-0.052813404130856334,-0.11960222257296328,0.18720149993896484,0.13965187612507549,-0.012969811100083273,-0.0668644650115865,-0.2821171283721924,0.9475268060511012,-0.07124841570586318,-0.1322667632904182,0.16068744659423828,0.1510594901672861,0.006096437433806539,-0.1137555921552762,-0.24939537048339844,0.9295568010691084,-0.05739340209244094,-0.1661718493540441,0.17097043991088867,0.15017923010500578,0.027979710631030944,0.004828685911851696,-0.10244035720825195,0.9991531055341942,-0.028222501325793844,-0.005743705507259949,0.10363364219665527,0.9974283456223552,-0.07748194076682771,0.40342880890822513,-0.11738169193267822,0.9794841351906208,-0.04581617175081017,0.39808007490294167,0.12627120316028595,0.52056909381218,0.004540981132275378,0.7737015051862497,-0.11286497116088867,0.9644730890324121,0.021324835297045958,0.7807156107868758,0.16804075241088867,0.7417785123271086,0.01865485583362915,0.8180820541493049,-0.11778831481933594,0.9716789847928531,0.024461587136689424,0.8278647477178236,0.16579818725585938,0.8479989226188229,-0.07460999472217983,0.8701716944225094,-0.18271541595458984,0.957462505925873,-0.06834853362141861,0.8927017079684996,0.10179901123046875,0.7998875959476478,102.82451316687118,19.80647509303799,165.87170866819548,90.88703739491669,166.08748429450804,152.55558072288474,,,,90.91621141610048,172.2067422288439,167.25418627082294
-0.04092059599322011,-0.646140586430933,-0.11810684204101562,0.9999741590985751,-0.025723713738368764,-0.6831508413299675,-0.11528682708740234,0.9999583733397068,-0.025189935958406948,-0.6833282331182948,-0.11484265327453613,0.9999623412575581,-0.02531995035424131,-0.6836022315182482,-0.11477327346801758,0.9999644052764188,-0.053898210307174066,-0.6793645620598365,-0.09629654884338379,0.9999528312106621,-0.053488257656971586,-0.6800716190647293,-0.09717392921447754,0.9999357834189874,-0.05358129767743118,-0.6812992725571142,-0.09629988670349121,0.9999247008268987,0.07260322127855251,-0.676423447530951,-0.0551447868347168,0.9999766404689823,-0.05258440501206757,-0.6716023855936947,0.02058887481689453,0.9998251021467972,0.0012516235354719935,-0.624550984286571,-0.09738492965698242,0.9999677042248272,-0.03575341201437558,-0.6207840874069369,-0.0736541748046875,0.9999170425270729,0.16823189601006958,-0.4986387651838713,-0.06957820802927017,0.9999694051003181,-0.07201313961864161,-0.49508893646598584,0.11397552490234375,0.9995919076536128,0.17671289838800117,-0.2927880521642135,-0.17534852027893066,0.9862906072737103,-0.10106705396171067,-0.2509709884750023,0.09733548760414124,0.2263439766266479,0.07746266497800552,-0.20566803761046612,-0.3028137683868408,0.9552578866269924,-0.14198634009000954,-0.10228439199070946,-0.06922781467437744,0.42697234702039794,0.042802761763781505,-0.1563006909750958,-0.3377954959869385,0.9342725803153742,-0.14736675297565602,-0.03249442838549272,-0.09247899055480957,0.43094715330960426,0.02045685353778126,-0.18587978192889473,-0.3509523868560791,0.9363224871769821,-0.13650229604474512,-0.05600083040313497,-0.11236333847045898,0.4390970321983204,0.06011585269599852,-0.20885479333893545,-0.30715131759643555,0.8998411476807,-0.13052530687150674,-0.09562709556281357,-0.08255863189697266,0.42463378904519256,0.08833680682192364,0.008153781922091683,-0.06843852996826172,0.999442039618063,-0.08842603115571715,-0.008644997884615644,0.06919312477111816,0.99928134282572,0.10594655595874741,0.4076106810533541,-0.08939695358276367,0.9913829206434199,-0.14715013340676358,0.38197932628778614,0.08204804360866547,0.9758415407434368,0.23911867498791878,0.7675965014926697,-0.04349946975708008,0.9931084239757633,-0.16576033852276123,0.7773516857700004,0.1484050750732422,0.9884039499236146,0.25247841832146894,0.8142709314279791,-0.04890727996826172,0.9098321610839276,-0.17770801800343117,0.8247493656064774,0.1470928192138672,0.955833570282472,0.1985463178756994,0.8481691149131302,-0.16544723510742188,0.9865647820242621,-0.30866954593521856,0.8330536672827663,0.06812047958374023,0.9789993697576885,107.21262455483749,29.390378426526592,135.99482925857825,98.12159360523698,168.10345472351884,159.7190747270379,,,,93.60800554319262,170.28424122394048,170.38454114885033
-0.06152887666098378,-0.6487016745261228,-0.16002392768859863,0.9999226187101977,-0.041226142492619106,-0.6856524059920914,-0.17007803916931152,0.9998401274076839,-0.04069641433420143,-0.6858962864874896,-0.16951274871826172,0.9998575411152776,-0.040818383080711895,-0.6862438246311501,-0.16958379745483398,0.9998830686144113,-0.060768043017507115,-0.6859186565728078,-0.1449141502380371,0.9997884122257428,-0.060296894439092044,-0.6865800044960417,-0.1457655429840088,0.9997179801816425,-0.06044189960594286,-0.6880696955344571,-0.14457416534423828,0.9996566705436714,0.06884574225421265,-0.6778046302748497,-0.1482865810394287,0.9999432409130358,-0.02139335146143087,-0.688960976072374,-0.042734622955322266,0.999086623800676,-0.016409425571183883,-0.6251741271297416,-0.15130996704101562,0.9999414034285271,-0.0433877438814502,-0.6266194828706945,-0.11876368522644043,0.9997838825048918,0.15021189329215434,-0.502609530891358,-0.1619132161140442,0.9999929358161427,-0.02799567130892687,-0.513724834350769,0.07928466796875,0.9993350268917269,0.22006393112310324,-0.28133495250606144,-0.20297086238861084,0.9991979259363534,-0.025629313288062693,-0.2723327242296144,0.1226942241191864,0.06845923933846373,0.04971627821562745,-0.16062139739259979,-0.20538926124572754,0.9932874979264149,-0.09796502350052885,-0.1386551012899662,-0.007700562477111816,0.25595791724759936,-0.003833720292178844,-0.09873385588172298,-0.22397828102111816,0.9780505691098863,-0.10595408492771102,-0.07294428509058405,-0.021207332611083984,0.2789343452666936,-0.04198395948438305,-0.12676733153119607,-0.22565865516662598,0.9768513553024988,-0.11351209147725896,-0.0897306373061664,-0.044211387634277344,0.2867719371081286,0.0243502038357307,-0.16157768289558946,-0.1997225284576416,0.9590629848615881,-0.09603457714269374,-0.1308976259951321,-0.02230095863342285,0.2704020875307674,0.08326177039037927,0.0032807214987776844,-0.0769505500793457,0.999756797985544,-0.08294733251707212,-0.003641103893385788,0.07805943489074707,0.9996467485317191,0.15735570726108777,0.4004778975839114,-0.04913640022277832,0.997901501581839,-0.23928705922915816,0.3466749128032457,0.08624424040317535,0.9919579958693588,0.380975228044213,0.7179692709257125,0.031800270080566406,0.9984833184900946,-0.2738955724732726,0.7157811048437225,0.1840806007385254,0.9966804573439738,0.4041337418884758,0.7602221541682908,0.030613422393798828,0.9525244480131247,-0.28395294353015266,0.7606219846603796,0.18578720092773438,0.9821463290520054,0.353313616428362,0.8147706917274392,-0.07340717315673828,0.9964566211928185,-0.40837683416788945,0.7895372390198796,0.11539125442504883,0.9936570403175824,110.53945584988274,31.64774229696935,107.64154177896503,96.70548143748731,161.1993246161388,154.43271659741677,,,,106.53391656705253,162.04816135644884,157.09073548801237
-0.11956687756904177,-0.6457437249188935,-0.16019964218139648,0.9999889228913096,-0.10194784357413456,-0.6859748186864407,-0.16723299026489258,0.9999830629411907,-0.10143475508993952,-0.6861344297966662,-0.16656851768493652,0.9999808254221461,-0.10165905207034773,-0.6866380500894776,-0.16669249534606934,0.9999857027476678,-0.12390051748092318,-0.6833202408837077,-0.1410350799560547,0.999980785957077,-0.12337905717104562,-0.6840329353081728,-0.14179301261901855,0.9999678836503249,-0.1236663528952823,-0.6854099829797655,-0.1407790184020996,0.9999644013386313,0.015496120291721727,-0.6864432048359501,-0.13362407684326172,0.99999118640151,-0.08716970307280872,-0.6867766882945303,-0.025770187377929688,0.9999129989631854,-0.06984611102977442,-0.6257166481861735,-0.14791655540466309,0.9999822356504552,-0.1003029816909428,-0.6242353097252075,-0.11493229866027832,0.9999408350287887,0.09469420070161505,-0.509196450873011,-0.15629670023918152,0.9999872753093666,-0.046704128512641496,-0.5074099380511295,0.10765480995178223,0.999607399455103,0.15864204236062968,-0.28571394704300085,-0.19454753398895264,0.9971863999911009,0.015573765829876261,-0.26623284958709753,0.15464988350868225,0.025140913793240606,0.04998894720197115,-0.20157540973461943,-0.15312767028808594,0.9673221640217958,-0.022530059915893103,-0.13741224831544482,0.051216840744018555,0.06642054357593136,0.01194718237231756,-0.15540712326585235,-0.16351079940795898,0.9251288210415187,-0.02072250714231435,-0.07170403286495057,0.0453190803527832,0.09505916775576935,-0.007892081832536181,-0.17834638724258706,-0.16585612297058105,0.9251894055366665,-0.026441051789086418,-0.0865849110119743,0.027447938919067383,0.09925359089592654,0.03547274602740371,-0.2029182191159166,-0.14852690696716309,0.8858827211063472,-0.018649109844548067,-0.1304366059409589,0.039932966232299805,0.10243418575098337,0.06520620429808302,0.0058501998635545815,-0.0990595817565918,0.9999002028107492,-0.065187009420588,-0.006171325299639653,0.10030055046081543,0.9999451972361632,0.012211672415215704,0.4060096144169189,-0.06757378578186035,0.9895168361357701,-0.2950705190712519,0.23842106682890343,0.0202370285987854,0.9571517056744789,0.3204335133637536,0.622615446392379,0.011395931243896484,0.9936876635214622,-0.2888506108087349,0.6199616223983158,0.08886098861694336,0.9801555692626358,0.3581244797945631,0.6540147507536436,0.01425790786743164,0.9644800650000434,-0.2952087715685179,0.6667817042696267,0.08998680114746094,0.9671753990052916,0.30933840067502233,0.7182136289789448,-0.044316768646240234,0.9891692670456319,-0.4389980152184482,0.7065242859978939,0.041098594665527344,0.9689576461743582,105.4052556875927,24.769054546328732,107.68403060168943,85.02390892462005,175.35820595167988,117.86098885868589,,,,97.73172230926619,137.40726269888765,130.22249630320724
0.03714270783821519,-0.6207238976090532,-0.27213549613952637,0.9999466659600141,0.05301137751855047,-0.658082212689398,-0.26135826110839844,0.9998435603617213,0.05346803745029012,-0.6584519507401325,-0.2608835697174072,0.9998395201480414,0.053353371407160344,-0.6588165190815406,-0.26082420349121094,0.9998562583430902,0.020759377527867582,-0.6590190300055435,-0.25557851791381836,0.9998522398920301,0.021119988367998683,-0.6598158574717259,-0.256575345993042,0.9997784516325128,0.02096093707620435,-0.6612254577578925,-0.25508904457092285,0.9997394352297887,0.1216219017880341,-0.6537348077805132,-0.16330814361572266,0.9998603567335341,-0.02920435729002637,-0.6648542334326647,-0.14704465866088867,0.9995502622585227,0.06500064394131734,-0.5991344342165347,-0.23552608489990234,0.9999536823163351,0.020222833194827903,-0.6008824279282037,-0.22854948043823242,0.9999145014158495,0.21989708185086454,-0.47951643424029916,-0.09685778617858887,0.9999890259451167,-0.12485833336066954,-0.5282210138294932,-0.04222750663757324,0.9999214731231246,0.33574706558649964,-0.28272098019864966,-0.1026695966720581,0.9984786479170988,-0.23223881790195014,-0.3436451403798085,0.058372244238853455,0.8714036502858298,0.2066258245308955,-0.1403301560936146,-0.20633792877197266,0.9810125417637365,-0.20253059340619275,-0.13168431473440528,-0.019187569618225098,0.7991581453927937,0.16208574528796507,-0.08382057985521918,-0.23312950134277344,0.9404000581288423,-0.182305963614627,-0.05348012350758186,-0.030816316604614258,0.6850720634079432,0.12589904089265197,-0.11624144212615026,-0.2474532127380371,0.9397426565820005,-0.16050925129275237,-0.06836689216636976,-0.05784177780151367,0.6885694075558273,0.18114093551169652,-0.14324360490116594,-0.20807313919067383,0.9040270657568441,-0.1824096317942422,-0.11977949216435137,-0.0301511287689209,0.6652684980487663,0.1125095356292139,0.011535119171207722,-0.023785114288330078,0.9998569346609483,-0.11250714178084723,-0.012016622267686688,0.024837970733642578,0.9998011172815999,0.19515499605407916,0.4076329293742917,-0.06360244750976562,0.9954878775854841,-0.19887118243640736,0.3582477946114874,0.08391633629798889,0.9918781343164169,0.35190646257856867,0.7308247508081038,0.02127361297607422,0.9962501838520762,-0.21247556931503486,0.6940768357949254,0.2801046371459961,0.9951152572469739,0.37277361817362875,0.7732848298825573,0.02023601531982422,0.9427146019926304,-0.2228858934825896,0.7385488173521181,0.29202795028686523,0.9736116755611901,0.42032705335178,0.820229782107065,-0.09372901916503906,0.9904909881945606,-0.3418018228006218,0.7620239078980708,0.2053666114807129,0.9890614497805512,128.24910025161572,43.78311897401599,105.89790724483798,108.50443542318907,152.22174846209887,156.47276342648655,113.76542434096105,34.98465013390994,121.5659702735698,98.776424954187,165.57502499743723,156.29905518068082
0.07774313178728157,-0.5835595497782302,-0.338878870010376,0.9999660442901782,0.0916734800663248,-0.6227880362338799,-0.3309140205383301,0.9999176484844698,0.09219178615027725,-0.6231262809186106,-0.33026599884033203,0.9999069371704464,0.09210169760320085,-0.6235800059995328,-0.3301658630371094,0.9999082087053203,0.05935076196370272,-0.6248437851608486,-0.32869458198547363,0.9999324987699365,0.059824446750866,-0.6256766518640334,-0.3297724723815918,0.999907750478774,0.05969111916711092,-0.6271290914811796,-0.328218936920166,0.9998989072793204,0.14905788191057653,-0.6258429751237506,-0.22831225395202637,0.9999095902957694,-0.0025959320986035372,-0.6413676318328325,-0.22786951065063477,0.9998748514178284,0.10134045403045136,-0.564498255383932,-0.2987806797027588,0.9999717686161673,0.056427395032936756,-0.5675705549527212,-0.2968599796295166,0.9999684502861882,0.23758874278708977,-0.4585368224005709,-0.14290651679039001,0.9999892305412402,-0.11363980740915526,-0.5201118784602081,-0.11480474472045898,0.9999689779462848,0.33926923625818883,-0.26135063620339005,-0.1174095869064331,0.998076213887276,-0.2763537346503936,-0.36540626485805283,-0.0002907216548919678,0.9659473506243292,0.2180335012109276,-0.08853540201793211,-0.17918825149536133,0.9726255299327119,-0.21738580097236462,-0.1454763907516268,-0.030092597007751465,0.8723832124520415,0.17692153821945986,-0.023916065680143143,-0.2012014389038086,0.9166624461019129,-0.1848013490546174,-0.06285214073700712,-0.03543257713317871,0.7464225396630654,0.13964194552138176,-0.05056649849869724,-0.22039198875427246,0.9159184156240332,-0.15481818909908726,-0.08106486322796122,-0.05713534355163574,0.750021460776883,0.1930243004417411,-0.0872867964726172,-0.18242549896240234,0.8779762080666699,-0.19239190800989714,-0.13501441215052817,-0.03634524345397949,0.727901553708932,0.11304767979985605,0.014138282605494233,-0.016847610473632812,0.9997527018230487,-0.11301177654430695,-0.014641335579299763,0.018006563186645508,0.9996813634583224,0.1584969027686708,0.4199507197471419,-0.030496597290039062,0.9955016457952617,-0.18689805161296769,0.3632380119345446,0.09114773571491241,0.9903965906340518,0.29216800025286593,0.7535731369029268,0.06983137130737305,0.9960463206945743,-0.24865095291128014,0.6851824331026731,0.25919151306152344,0.9944275892992229,0.3109528516967808,0.7979389035788583,0.06966066360473633,0.9377874699906444,-0.26310603928831544,0.7292114793973159,0.26885223388671875,0.9634099052930469,0.3634909828877674,0.8494778351114531,-0.042745113372802734,0.9880081618106424,-0.3730345855702598,0.7520266649394136,0.17164087295532227,0.9869446702450774,126.16555672952863,42.01526037160868,114.24975993960176,103.77579744935623,153.41071130581295,156.76532992610254,124.33002560197617,44.89891412796307,111.29203314216869,95.31972234968161,168.44118896658878,163.61400986176147
0.1392291519898335,-0.5362622551328601,-0.12519502639770508,0.999630794047721,0.1442986979322965,-0.5700850583934793,-0.10510706901550293,0.9996006761304794,0.14455027498473297,-0.5705018926048708,-0.10422515869140625,0.9995885306128562,0.14438037701241846,-0.5710019202096429,-0.10431456565856934,0.9995571645945306,0.12651539667935904,-0.5809197500935667,-0.12890124320983887,0.9995018811741149,0.12705048952865497,-0.5818321975505364,-0.12957382202148438,0.9994154815794891,0.1266749778778329,-0.5829687548825879,-0.12929153442382812,0.99929332542266,0.0916345087876093,-0.5753096336364005,0.021954774856567383,0.9996151317619852,0.012522411272774883,-0.6259580357917066,-0.10319995880126953,0.99904816380609,0.11213887404224875,-0.5210572534344868,-0.07929539680480957,0.9997125874615925,0.08980917490638933,-0.5340183487195802,-0.11249947547912598,0.9997598911290656,0.10875421880615158,-0.4070548958822903,0.10332641005516052,0.9983131842978269,-0.13536400561844772,-0.48487670570294217,-0.09359455108642578,0.9994975368613647,0.1371372009632437,-0.21271218977883113,0.012351274490356445,0.5991123594836424,-0.08588052772933918,-0.30548089680437435,-0.22405965626239777,0.9455883427916769,0.22025430100834445,-0.33245663562155325,-0.18814659118652344,0.8063471001601783,0.05605687008756289,-0.3987672845153214,-0.3547654151916504,0.9669424749446224,0.23243210763602548,-0.35081537279199637,-0.22095084190368652,0.765470191831193,0.09542045054076616,-0.41543391949323527,-0.39067745208740234,0.9433684930752868,0.24623446476355468,-0.38367633602856555,-0.22317886352539062,0.7677277796553501,0.09443416273330185,-0.4371594388012468,-0.38230013847351074,0.9390706709788891,0.22378753557701656,-0.34912280569578785,-0.1946408748626709,0.7438642806723678,0.06477630774518829,-0.40817725800251664,-0.3545801639556885,0.8967326542277027,0.08996036705412155,-0.02854163479209379,0.06481313705444336,0.998018518760005,-0.09013425469846383,0.027682976819490154,-0.06335234642028809,0.9972455111997165,0.298252733996798,0.041246416347688254,-0.13877081871032715,0.98671715356613,-0.014986471273110407,0.4268652637073421,-0.08511039614677429,0.9833571923579782,0.1680204910144094,0.2999709629528483,-0.033940792083740234,0.9219085505582545,0.008630959731436842,0.796130742941443,0.0008869171142578125,0.984285976590978,0.15831552984709846,0.3345659925817203,-0.027518749237060547,0.9135333514868899,0.011875135694625942,0.8439343048021143,0.0031938552856445312,0.9234459445160743,0.19313837947399354,0.43736331815215196,-0.08414840698242188,0.9346409129362984,0.043053999935518256,0.9077984225931064,-0.12314224243164062,0.9636686711968176,93.39154682949535,21.84657909813664,87.14547206149655,96.29997190804912,105.42311155398166,70.75308344406427,89.72741178259383,39.61391684460608,98.66810011184441,97.2439118978867,171.46322739990612,162.41737161719894
0.1694171688252591,-0.5706336795929381,-0.27254676818847656,0.9999672004431016,0.17587485127138064,-0.6084962805695039,-0.25277233123779297,0.9999407246798216,0.17650804783920931,-0.6087987690372003,-0.25219082832336426,0.9999266076224448,0.17641920981997555,-0.6090548530155442,-0.25223374366760254,0.9999409844676509,0.14265089033576803,-0.6071134801924076,-0.25324201583862305,0.9999435077235793,0.14339303476743312,-0.6077588271316906,-0.25424766540527344,0.9999395351836264,0.14349866835908437,-0.6091671093876535,-0.25339579582214355,0.9999552211589893,0.22340250694189365,-0.5891763833639845,-0.13405609130859375,0.999871583717866,0.07761458883753883,-0.5937017554048367,-0.14983558654785156,0.9999655066236368,0.19070580112211458,-0.5422961276826807,-0.23304462432861328,0.9999836661403271,0.14653299790415714,-0.5415697883859842,-0.23470592498779297,0.9999865706405925,0.31475557865550213,-0.3965015309660187,-0.07413358241319656,0.9999260377546767,-0.02690069111388485,-0.4490488407868852,-0.09750604629516602,0.9998162630886592,0.39882741767897195,-0.18855744479320224,-0.207633376121521,0.9944160145439221,-0.19423534397254463,-0.2957242339510694,-0.19265925884246826,0.9768922938597423,0.22269815105853613,-0.19109055705666075,-0.40226078033447266,0.9676302272297025,-0.08067163806248051,-0.2085057002167917,-0.3796696662902832,0.9185196155928046,0.1604414983846367,-0.19298145040102113,-0.43878793716430664,0.8954604689515435,-0.03552672559034749,-0.180797515653046,-0.4178040027618408,0.8413563432870945,0.13555881728262212,-0.23028140797645888,-0.4239192008972168,0.885990560879381,-0.0026182028725154835,-0.2048730603702172,-0.4057939052581787,0.8272696991455416,0.19766592130381716,-0.20353814465325765,-0.39593029022216797,0.8299061626267255,-0.05531003356440827,-0.20680945191663533,-0.3790322542190552,0.7614530578358307,0.10226970819679926,0.05730006723770502,-0.007064342498779297,0.9997907405522104,-0.10218718980825425,-0.05778684265028217,0.008144378662109375,0.9998694686504745,0.01800849315738294,0.4478140293472529,-0.03607809543609619,0.9888265955957913,-0.23050774674592334,-0.18778335031551957,-0.2713524103164673,0.9963280387488298,0.016356797734420475,0.8070854074582292,0.1361684799194336,0.9954241032049065,-0.1628240712391365,0.178408271707395,-0.13016796112060547,0.9840354255927443,0.02345656865477,0.8538901269178408,0.1466689109802246,0.9545943321987067,-0.1544823142478652,0.22388353220722312,-0.1189885139465332,0.9427671886212676,0.06191729632759552,0.913092441800235,0.025810718536376953,0.9907379655676182,-0.18253122385510662,0.3244785900868923,-0.1998605728149414,0.9794041166230076,113.8251817956298,59.21071843087639,98.94060478923505,107.39621741721002,162.5428531214227,148.06756207538615,127.02136357561456,51.942242904999674,102.11400475359507,118.07546975746693,59.07546229006597,43.94111779685438
0.08618229349281442,-0.6377859981814326,-0.25316834449768066,0.9999761173395691,0.10144750994918462,-0.6741394179771616,-0.23813748359680176,0.9999437090077593,0.10218647439002072,-0.6742348441241653,-0.23783087730407715,0.9999328998850199,0.10201710266739562,-0.6747316588776936,-0.23800420761108398,0.9999182981010588,0.06845929834061895,-0.676306088639536,-0.2345414161682129,0.999950366704094,0.06897615460365633,-0.6768984817112963,-0.23584246635437012,0.9999409491143093,0.06916588374027097,-0.6781196107611164,-0.23473238945007324,0.9999436627700844,0.15892750030628605,-0.6514767754823473,-0.1353905200958252,0.9999111294080277,0.01004907027456095,-0.6670710108307176,-0.12378454208374023,0.9999304065892488,0.10931747593688679,-0.608386251518408,-0.21706151962280273,0.9999801145695971,0.06454017327450509,-0.610865601113615,-0.2123105525970459,0.999983647780395,0.23675296373519114,-0.4509129361729671,-0.07077362388372421,0.9998984864886135,-0.0929464962712972,-0.5037519956295786,-0.07625389099121094,0.9999357736814436,0.3045882174661349,-0.2820642114358941,-0.1954507827758789,0.9924308187880672,-0.2187230594687944,-0.3342752167776842,-0.16586582362651825,0.9899500321083929,0.19311296155341812,-0.3437106902708776,-0.3865170478820801,0.9771504385225971,-0.08225647960288078,-0.2902372596348763,-0.3437173366546631,0.9865502627915297,0.14853643560630825,-0.3513380841031728,-0.42195630073547363,0.9280562050019175,-0.031433995781671886,-0.2613655189736198,-0.3812141418457031,0.9639543332866157,0.13560632614415322,-0.38282311518818635,-0.4093472957611084,0.917304863799197,-0.004325190317787497,-0.29526520716518717,-0.36993956565856934,0.9582189990944353,0.17630727899349707,-0.35753863027513244,-0.38187575340270996,0.8852420016794954,-0.05595258992997941,-0.2955558700089567,-0.34316492080688477,0.940439172480431,0.11366477379403028,0.011864074893286957,0.0049686431884765625,0.9992878886557847,-0.11380200405234309,-0.012506405942741546,-0.004544496536254883,0.9994227481859334,0.14467586683273737,0.41046992127970117,-0.007823467254638672,0.994923427470064,-0.09542545210716678,0.40853198651772404,0.03792408108711243,0.9918980696808216,0.21195437452594104,0.7223681833570188,0.20849132537841797,0.9899035483240863,-0.06533578335176579,0.7530625129472511,0.21665000915527344,0.9916397081613989,0.22294560433484537,0.7667857632998044,0.22188329696655273,0.905985555900123,-0.06620814423679361,0.7979844585130289,0.22864818572998047,0.9165210743287044,0.2621873312857525,0.8523752323239028,0.11682271957397461,0.9840212989655376,-0.11182695463819903,0.8719337025449111,0.12481975555419922,0.9824828040059033,114.54796047516504,55.64700344745855,96.63272162762397,100.47173872844603,157.89463955152146,143.30620705322784,115.53319168171593,45.78340923702875,96.83790992531044,81.19534706872793,174.4857366673364,158.29516063365935